"","metric","msa","date","value"
"1","CPI","SF","1914-12-01",9.2
"2","CPI","SF","1915-12-01",9.2
"3","CPI","SF","1916-12-01",10
"4","CPI","SF","1917-12-01",11.6
"5","CPI","SF","1918-12-01",14.1
"6","CPI","SF","1919-06-01",14.7
"7","CPI","SF","1919-12-01",16.3
"8","CPI","SF","1920-06-01",17.5
"9","CPI","SF","1920-12-01",16.5
"10","CPI","SF","1921-05-01",15.2
"11","CPI","SF","1921-09-01",15
"12","CPI","SF","1921-12-01",15
"13","CPI","SF","1922-03-01",14.7
"14","CPI","SF","1922-06-01",14.6
"15","CPI","SF","1922-09-01",14.5
"16","CPI","SF","1922-12-01",14.6
"17","CPI","SF","1923-03-01",14.4
"18","CPI","SF","1923-06-01",14.6
"19","CPI","SF","1923-09-01",14.8
"20","CPI","SF","1923-12-01",15
"21","CPI","SF","1924-03-01",14.6
"22","CPI","SF","1924-06-01",14.6
"23","CPI","SF","1924-09-01",14.7
"24","CPI","SF","1924-12-01",14.8
"25","CPI","SF","1925-06-01",15.1
"26","CPI","SF","1925-12-01",15.3
"27","CPI","SF","1926-06-01",15
"28","CPI","SF","1926-12-01",15
"29","CPI","SF","1927-06-01",15
"30","CPI","SF","1927-12-01",14.9
"31","CPI","SF","1928-06-01",14.8
"32","CPI","SF","1928-12-01",15
"33","CPI","SF","1929-06-01",14.8
"34","CPI","SF","1929-12-01",14.9
"35","CPI","SF","1930-06-01",14.6
"36","CPI","SF","1930-12-01",14.1
"37","CPI","SF","1931-06-01",13.3
"38","CPI","SF","1931-12-01",12.9
"39","CPI","SF","1932-06-01",12.2
"40","CPI","SF","1932-12-01",12
"41","CPI","SF","1933-06-01",11.7
"42","CPI","SF","1933-12-01",12.1
"43","CPI","SF","1934-06-01",12.2
"44","CPI","SF","1934-11-01",12.5
"45","CPI","SF","1935-03-01",12.6
"46","CPI","SF","1935-07-01",12.3
"47","CPI","SF","1935-10-01",12.3
"48","CPI","SF","1936-01-01",12.4
"49","CPI","SF","1936-04-01",12.2
"50","CPI","SF","1936-07-01",12.4
"51","CPI","SF","1936-09-01",12.4
"52","CPI","SF","1936-12-01",12.4
"53","CPI","SF","1937-03-01",12.8
"54","CPI","SF","1937-06-01",12.8
"55","CPI","SF","1937-09-01",12.9
"56","CPI","SF","1937-12-01",13
"57","CPI","SF","1938-03-01",12.8
"58","CPI","SF","1938-06-01",12.8
"59","CPI","SF","1938-09-01",12.8
"60","CPI","SF","1938-12-01",12.8
"61","CPI","SF","1939-03-01",12.7
"62","CPI","SF","1939-06-01",12.5
"63","CPI","SF","1939-09-01",12.8
"64","CPI","SF","1939-12-01",12.6
"65","CPI","SF","1940-03-01",12.6
"66","CPI","SF","1940-06-01",12.6
"67","CPI","SF","1940-09-01",12.7
"68","CPI","SF","1940-10-01",12.8
"69","CPI","SF","1940-11-01",12.8
"70","CPI","SF","1940-12-01",12.8
"71","CPI","SF","1941-01-01",12.8
"72","CPI","SF","1941-02-01",12.9
"73","CPI","SF","1941-03-01",12.9
"74","CPI","SF","1941-04-01",13.1
"75","CPI","SF","1941-05-01",13.1
"76","CPI","SF","1941-06-01",13.3
"77","CPI","SF","1941-07-01",13.3
"78","CPI","SF","1941-08-01",13.4
"79","CPI","SF","1941-09-01",13.6
"80","CPI","SF","1941-10-01",13.8
"81","CPI","SF","1941-11-01",14
"82","CPI","SF","1941-12-01",14
"83","CPI","SF","1942-01-01",14.3
"84","CPI","SF","1942-02-01",14.4
"85","CPI","SF","1942-03-01",14.6
"86","CPI","SF","1942-04-01",14.8
"87","CPI","SF","1942-05-01",14.8
"88","CPI","SF","1942-06-01",14.9
"89","CPI","SF","1942-07-01",14.9
"90","CPI","SF","1942-08-01",15.1
"91","CPI","SF","1942-09-01",15.2
"92","CPI","SF","1942-10-01",15.3
"93","CPI","SF","1942-11-01",15.6
"94","CPI","SF","1942-12-01",15.6
"95","CPI","SF","1943-01-01",15.7
"96","CPI","SF","1943-02-01",15.7
"97","CPI","SF","1943-03-01",15.9
"98","CPI","SF","1943-04-01",16.2
"99","CPI","SF","1943-05-01",16.2
"100","CPI","SF","1943-06-01",16.2
"101","CPI","SF","1943-07-01",15.8
"102","CPI","SF","1943-08-01",15.7
"103","CPI","SF","1943-09-01",15.8
"104","CPI","SF","1943-10-01",16
"105","CPI","SF","1943-11-01",16.1
"106","CPI","SF","1943-12-01",16.1
"107","CPI","SF","1944-01-01",16.1
"108","CPI","SF","1944-02-01",16
"109","CPI","SF","1944-03-01",16.1
"110","CPI","SF","1944-04-01",16.2
"111","CPI","SF","1944-05-01",16.4
"112","CPI","SF","1944-06-01",16.3
"113","CPI","SF","1944-07-01",16.4
"114","CPI","SF","1944-08-01",16.4
"115","CPI","SF","1944-09-01",16.4
"116","CPI","SF","1944-10-01",16.6
"117","CPI","SF","1944-11-01",16.6
"118","CPI","SF","1944-12-01",16.8
"119","CPI","SF","1945-01-01",16.7
"120","CPI","SF","1945-02-01",16.6
"121","CPI","SF","1945-03-01",16.7
"122","CPI","SF","1945-04-01",16.8
"123","CPI","SF","1945-05-01",16.7
"124","CPI","SF","1945-06-01",16.8
"125","CPI","SF","1945-07-01",16.9
"126","CPI","SF","1945-08-01",16.8
"127","CPI","SF","1945-09-01",16.8
"128","CPI","SF","1945-10-01",16.8
"129","CPI","SF","1945-11-01",17
"130","CPI","SF","1945-12-01",17.2
"131","CPI","SF","1946-01-01",17
"132","CPI","SF","1946-02-01",16.8
"133","CPI","SF","1946-03-01",16.9
"134","CPI","SF","1946-04-01",16.9
"135","CPI","SF","1946-05-01",17
"136","CPI","SF","1946-06-01",17.4
"137","CPI","SF","1946-07-01",18.2
"138","CPI","SF","1946-08-01",18.7
"139","CPI","SF","1946-09-01",19.1
"140","CPI","SF","1946-10-01",19.4
"141","CPI","SF","1946-11-01",20.1
"142","CPI","SF","1946-12-01",20.3
"143","CPI","SF","1947-01-01",20.1
"144","CPI","SF","1947-02-01",20
"145","CPI","SF","1947-03-01",20.3
"146","CPI","SF","1947-04-01",20.4
"147","CPI","SF","1947-05-01",20.3
"148","CPI","SF","1947-06-01",20.1
"149","CPI","SF","1947-09-01",21
"150","CPI","SF","1947-12-01",21.4
"151","CPI","SF","1948-03-01",21.7
"152","CPI","SF","1948-06-01",22
"153","CPI","SF","1948-09-01",22.4
"154","CPI","SF","1948-12-01",22.4
"155","CPI","SF","1949-03-01",22.1
"156","CPI","SF","1949-06-01",22
"157","CPI","SF","1949-09-01",21.9
"158","CPI","SF","1949-12-01",21.7
"159","CPI","SF","1950-03-01",21.8
"160","CPI","SF","1950-06-01",21.7
"161","CPI","SF","1950-09-01",22.1
"162","CPI","SF","1950-12-01",22.9
"163","CPI","SF","1951-03-01",23.8
"164","CPI","SF","1951-06-01",23.7
"165","CPI","SF","1951-09-01",23.7
"166","CPI","SF","1951-12-01",24.3
"167","CPI","SF","1952-03-01",24.3
"168","CPI","SF","1952-06-01",24.8
"169","CPI","SF","1952-09-01",24.7
"170","CPI","SF","1952-12-01",24.9
"171","CPI","SF","1953-03-01",24.9
"172","CPI","SF","1953-06-01",25
"173","CPI","SF","1953-09-01",25.2
"174","CPI","SF","1953-12-01",25.2
"175","CPI","SF","1954-03-01",25.1
"176","CPI","SF","1954-06-01",25.1
"177","CPI","SF","1954-09-01",25
"178","CPI","SF","1954-12-01",24.9
"179","CPI","SF","1955-03-01",24.9
"180","CPI","SF","1955-06-01",24.9
"181","CPI","SF","1955-09-01",24.9
"182","CPI","SF","1955-12-01",24.9
"183","CPI","SF","1956-03-01",25.1
"184","CPI","SF","1956-06-01",25.4
"185","CPI","SF","1956-09-01",25.6
"186","CPI","SF","1956-12-01",26.2
"187","CPI","SF","1957-03-01",26.3
"188","CPI","SF","1957-06-01",26.4
"189","CPI","SF","1957-09-01",26.6
"190","CPI","SF","1957-12-01",26.9
"191","CPI","SF","1958-03-01",27.3
"192","CPI","SF","1958-06-01",27.6
"193","CPI","SF","1958-09-01",27.6
"194","CPI","SF","1958-12-01",27.6
"195","CPI","SF","1959-03-01",27.8
"196","CPI","SF","1959-06-01",27.9
"197","CPI","SF","1959-09-01",28.2
"198","CPI","SF","1959-12-01",28.4
"199","CPI","SF","1960-03-01",28.3
"200","CPI","SF","1960-06-01",28.5
"201","CPI","SF","1960-09-01",28.7
"202","CPI","SF","1960-12-01",28.9
"203","CPI","SF","1961-03-01",28.8
"204","CPI","SF","1961-06-01",28.8
"205","CPI","SF","1961-09-01",29
"206","CPI","SF","1961-12-01",29.1
"207","CPI","SF","1962-03-01",29.3
"208","CPI","SF","1962-06-01",29.4
"209","CPI","SF","1962-09-01",29.4
"210","CPI","SF","1962-12-01",29.5
"211","CPI","SF","1963-03-01",29.6
"212","CPI","SF","1963-06-01",29.8
"213","CPI","SF","1963-09-01",29.9
"214","CPI","SF","1963-12-01",30.1
"215","CPI","SF","1964-03-01",30.1
"216","CPI","SF","1964-06-01",30.2
"217","CPI","SF","1964-09-01",30.3
"218","CPI","SF","1964-12-01",30.5
"219","CPI","SF","1965-03-01",30.7
"220","CPI","SF","1965-06-01",30.9
"221","CPI","SF","1965-09-01",30.8
"222","CPI","SF","1965-12-01",31.1
"223","CPI","SF","1966-03-01",31.4
"224","CPI","SF","1966-06-01",31.5
"225","CPI","SF","1966-09-01",31.8
"226","CPI","SF","1966-12-01",32
"227","CPI","SF","1967-03-01",32
"228","CPI","SF","1967-06-01",32.4
"229","CPI","SF","1967-09-01",32.9
"230","CPI","SF","1967-12-01",33.1
"231","CPI","SF","1968-03-01",33.5
"232","CPI","SF","1968-06-01",34
"233","CPI","SF","1968-09-01",34.3
"234","CPI","SF","1968-12-01",34.6
"235","CPI","SF","1969-03-01",35.2
"236","CPI","SF","1969-06-01",35.7
"237","CPI","SF","1969-09-01",36.3
"238","CPI","SF","1969-12-01",36.8
"239","CPI","SF","1970-03-01",37.2
"240","CPI","SF","1970-06-01",37.6
"241","CPI","SF","1970-09-01",38
"242","CPI","SF","1970-12-01",38.5
"243","CPI","SF","1971-03-01",38.7
"244","CPI","SF","1971-06-01",39
"245","CPI","SF","1971-09-01",39.3
"246","CPI","SF","1971-12-01",39.6
"247","CPI","SF","1972-03-01",39.9
"248","CPI","SF","1972-06-01",40.4
"249","CPI","SF","1972-09-01",40.9
"250","CPI","SF","1972-12-01",41.1
"251","CPI","SF","1973-03-01",41.9
"252","CPI","SF","1973-06-01",42.5
"253","CPI","SF","1973-09-01",43.8
"254","CPI","SF","1973-12-01",44
"255","CPI","SF","1974-03-01",45.3
"256","CPI","SF","1974-06-01",46.8
"257","CPI","SF","1974-09-01",48.2
"258","CPI","SF","1974-12-01",49.5
"259","CPI","SF","1975-03-01",50.7
"260","CPI","SF","1975-06-01",51.6
"261","CPI","SF","1975-09-01",52.5
"262","CPI","SF","1975-12-01",53.4
"263","CPI","SF","1976-03-01",53.8
"264","CPI","SF","1976-06-01",54.3
"265","CPI","SF","1976-09-01",55.3
"266","CPI","SF","1976-12-01",56
"267","CPI","SF","1977-03-01",57.2
"268","CPI","SF","1977-06-01",58.8
"269","CPI","SF","1977-09-01",59.9
"270","CPI","SF","1977-12-01",60.9
"271","CPI","SF","1978-02-01",61.5
"272","CPI","SF","1978-04-01",62.7
"273","CPI","SF","1978-06-01",64.8
"274","CPI","SF","1978-08-01",66.6
"275","CPI","SF","1978-10-01",66.1
"276","CPI","SF","1978-12-01",65.3
"277","CPI","SF","1979-02-01",66.3
"278","CPI","SF","1979-04-01",67.9
"279","CPI","SF","1979-06-01",69.1
"280","CPI","SF","1979-08-01",71
"281","CPI","SF","1979-10-01",72
"282","CPI","SF","1979-12-01",74.9
"283","CPI","SF","1980-02-01",78.3
"284","CPI","SF","1980-04-01",79.2
"285","CPI","SF","1980-06-01",80.7
"286","CPI","SF","1980-08-01",81.6
"287","CPI","SF","1980-10-01",81.9
"288","CPI","SF","1980-12-01",82.9
"289","CPI","SF","1981-02-01",84.7
"290","CPI","SF","1981-04-01",87.9
"291","CPI","SF","1981-06-01",89.1
"292","CPI","SF","1981-08-01",93.6
"293","CPI","SF","1981-10-01",96.6
"294","CPI","SF","1981-12-01",95.6
"295","CPI","SF","1982-02-01",96.2
"296","CPI","SF","1982-04-01",97.2
"297","CPI","SF","1982-06-01",99.1
"298","CPI","SF","1982-08-01",99
"299","CPI","SF","1982-10-01",98.4
"300","CPI","SF","1982-12-01",95.6
"301","CPI","SF","1983-02-01",96.7
"302","CPI","SF","1983-04-01",97.4
"303","CPI","SF","1983-06-01",98.6
"304","CPI","SF","1983-08-01",99.5
"305","CPI","SF","1983-10-01",99.4
"306","CPI","SF","1983-12-01",100
"307","CPI","SF","1984-02-01",101.4
"308","CPI","SF","1984-04-01",102.9
"309","CPI","SF","1984-06-01",103.7
"310","CPI","SF","1984-08-01",105.2
"311","CPI","SF","1984-10-01",106.5
"312","CPI","SF","1984-12-01",106
"313","CPI","SF","1985-02-01",106.9
"314","CPI","SF","1985-04-01",107.5
"315","CPI","SF","1985-06-01",108.4
"316","CPI","SF","1985-08-01",109.2
"317","CPI","SF","1985-10-01",109.5
"318","CPI","SF","1985-12-01",109.4
"319","CPI","SF","1986-02-01",111
"320","CPI","SF","1986-04-01",110.4
"321","CPI","SF","1986-06-01",111.9
"322","CPI","SF","1986-08-01",112.4
"323","CPI","SF","1986-10-01",113.1
"324","CPI","SF","1986-12-01",111.8
"325","CPI","SF","1987-01-01",112.5
"326","CPI","SF","1987-02-01",113.4
"327","CPI","SF","1987-03-01",113.7
"328","CPI","SF","1987-04-01",114.8
"329","CPI","SF","1987-05-01",115
"330","CPI","SF","1987-06-01",115
"331","CPI","SF","1987-07-01",115.8
"332","CPI","SF","1987-08-01",116.1
"333","CPI","SF","1987-09-01",116.6
"334","CPI","SF","1987-10-01",117.1
"335","CPI","SF","1987-11-01",117.3
"336","CPI","SF","1987-12-01",117.4
"337","CPI","SF","1988-01-01",118.4
"338","CPI","SF","1988-02-01",117.9
"339","CPI","SF","1988-03-01",119.1
"340","CPI","SF","1988-04-01",118.7
"341","CPI","SF","1988-05-01",119.7
"342","CPI","SF","1988-06-01",120.1
"343","CPI","SF","1988-07-01",120.9
"344","CPI","SF","1988-08-01",122
"345","CPI","SF","1988-09-01",122.1
"346","CPI","SF","1988-10-01",122.3
"347","CPI","SF","1988-11-01",122.2
"348","CPI","SF","1988-12-01",122.6
"349","CPI","SF","1989-01-01",124
"350","CPI","SF","1989-02-01",124
"351","CPI","SF","1989-03-01",125.9
"352","CPI","SF","1989-04-01",125.4
"353","CPI","SF","1989-05-01",126.3
"354","CPI","SF","1989-06-01",126.2
"355","CPI","SF","1989-07-01",127.4
"356","CPI","SF","1989-08-01",128.1
"357","CPI","SF","1989-09-01",126.8
"358","CPI","SF","1989-10-01",127.5
"359","CPI","SF","1989-11-01",127.2
"360","CPI","SF","1989-12-01",127.4
"361","CPI","SF","1990-01-01",128.5
"362","CPI","SF","1990-02-01",129.2
"363","CPI","SF","1990-03-01",130
"364","CPI","SF","1990-04-01",130.7
"365","CPI","SF","1990-05-01",130.8
"366","CPI","SF","1990-06-01",131.6
"367","CPI","SF","1990-07-01",132.3
"368","CPI","SF","1990-08-01",133.1
"369","CPI","SF","1990-09-01",134
"370","CPI","SF","1990-10-01",134.6
"371","CPI","SF","1990-11-01",134.7
"372","CPI","SF","1990-12-01",135.1
"373","CPI","SF","1991-01-01",136.7
"374","CPI","SF","1991-02-01",136.1
"375","CPI","SF","1991-03-01",136.3
"376","CPI","SF","1991-04-01",135.8
"377","CPI","SF","1991-05-01",136.2
"378","CPI","SF","1991-06-01",137.6
"379","CPI","SF","1991-07-01",138.2
"380","CPI","SF","1991-08-01",139.1
"381","CPI","SF","1991-09-01",139.7
"382","CPI","SF","1991-10-01",139.6
"383","CPI","SF","1991-11-01",139.8
"384","CPI","SF","1991-12-01",139.8
"385","CPI","SF","1992-01-01",140.3
"386","CPI","SF","1992-02-01",141
"387","CPI","SF","1992-03-01",141.9
"388","CPI","SF","1992-04-01",141.6
"389","CPI","SF","1992-05-01",141.9
"390","CPI","SF","1992-06-01",141.9
"391","CPI","SF","1992-07-01",142.2
"392","CPI","SF","1992-08-01",142.7
"393","CPI","SF","1992-09-01",143.7
"394","CPI","SF","1992-10-01",144.3
"395","CPI","SF","1992-11-01",144.2
"396","CPI","SF","1992-12-01",144.3
"397","CPI","SF","1993-01-01",145.1
"398","CPI","SF","1993-02-01",145.5
"399","CPI","SF","1993-03-01",145.7
"400","CPI","SF","1993-04-01",146.8
"401","CPI","SF","1993-05-01",146.9
"402","CPI","SF","1993-06-01",146.1
"403","CPI","SF","1993-07-01",146.1
"404","CPI","SF","1993-08-01",146.2
"405","CPI","SF","1993-09-01",146.5
"406","CPI","SF","1993-10-01",147
"407","CPI","SF","1993-11-01",147.2
"408","CPI","SF","1993-12-01",147
"409","CPI","SF","1994-01-01",147.5
"410","CPI","SF","1994-02-01",147.4
"411","CPI","SF","1994-03-01",148.2
"412","CPI","SF","1994-04-01",148
"413","CPI","SF","1994-05-01",148.3
"414","CPI","SF","1994-06-01",148.1
"415","CPI","SF","1994-07-01",148.9
"416","CPI","SF","1994-08-01",149.4
"417","CPI","SF","1994-09-01",149.4
"418","CPI","SF","1994-10-01",149.4
"419","CPI","SF","1994-11-01",149.8
"420","CPI","SF","1994-12-01",149.4
"421","CPI","SF","1995-01-01",150.3
"422","CPI","SF","1995-02-01",150.5
"423","CPI","SF","1995-03-01",151.1
"424","CPI","SF","1995-04-01",151.5
"425","CPI","SF","1995-05-01",151.3
"426","CPI","SF","1995-06-01",151.7
"427","CPI","SF","1995-07-01",151.5
"428","CPI","SF","1995-08-01",151.5
"429","CPI","SF","1995-09-01",152.3
"430","CPI","SF","1995-10-01",152.6
"431","CPI","SF","1995-11-01",152.4
"432","CPI","SF","1995-12-01",152.1
"433","CPI","SF","1996-01-01",152.9
"434","CPI","SF","1996-02-01",153.2
"435","CPI","SF","1996-03-01",152.9
"436","CPI","SF","1996-04-01",153.9
"437","CPI","SF","1996-05-01",155.1
"438","CPI","SF","1996-06-01",155.2
"439","CPI","SF","1996-07-01",155.9
"440","CPI","SF","1996-08-01",155.6
"441","CPI","SF","1996-09-01",156.3
"442","CPI","SF","1996-10-01",156.9
"443","CPI","SF","1996-11-01",156.9
"444","CPI","SF","1996-12-01",156
"445","CPI","SF","1997-01-01",157
"446","CPI","SF","1997-02-01",157.9
"447","CPI","SF","1997-03-01",159.2
"448","CPI","SF","1997-04-01",159.6
"449","CPI","SF","1997-05-01",159.8
"450","CPI","SF","1997-06-01",160
"451","CPI","SF","1997-07-01",160.6
"452","CPI","SF","1997-08-01",161.2
"453","CPI","SF","1997-09-01",161.6
"454","CPI","SF","1997-10-01",162.5
"455","CPI","SF","1997-11-01",162.6
"456","CPI","SF","1997-12-01",162.6
"457","CPI","SF","1998-02-01",163.2
"458","CPI","SF","1998-04-01",164.6
"459","CPI","SF","1998-06-01",165.5
"460","CPI","SF","1998-08-01",166.6
"461","CPI","SF","1998-10-01",167.2
"462","CPI","SF","1998-12-01",167.4
"463","CPI","SF","1999-02-01",169.4
"464","CPI","SF","1999-04-01",172.2
"465","CPI","SF","1999-06-01",171.8
"466","CPI","SF","1999-08-01",173.5
"467","CPI","SF","1999-10-01",175.2
"468","CPI","SF","1999-12-01",174.5
"469","CPI","SF","2000-02-01",176.5
"470","CPI","SF","2000-04-01",178.7
"471","CPI","SF","2000-06-01",179.1
"472","CPI","SF","2000-08-01",181.7
"473","CPI","SF","2000-10-01",183.4
"474","CPI","SF","2000-12-01",184.1
"475","CPI","SF","2001-02-01",187.9
"476","CPI","SF","2001-04-01",189.1
"477","CPI","SF","2001-06-01",190.9
"478","CPI","SF","2001-08-01",191
"479","CPI","SF","2001-10-01",191.7
"480","CPI","SF","2001-12-01",190.6
"481","CPI","SF","2002-02-01",191.3
"482","CPI","SF","2002-04-01",193
"483","CPI","SF","2002-06-01",193.2
"484","CPI","SF","2002-08-01",193.5
"485","CPI","SF","2002-10-01",194.3
"486","CPI","SF","2002-12-01",193.2
"487","CPI","SF","2003-02-01",197.7
"488","CPI","SF","2003-04-01",197.3
"489","CPI","SF","2003-06-01",196.3
"490","CPI","SF","2003-08-01",196.3
"491","CPI","SF","2003-10-01",196.3
"492","CPI","SF","2003-12-01",195.3
"493","CPI","SF","2004-02-01",198.1
"494","CPI","SF","2004-04-01",198.3
"495","CPI","SF","2004-06-01",199
"496","CPI","SF","2004-08-01",198.7
"497","CPI","SF","2004-10-01",200.3
"498","CPI","SF","2004-12-01",199.5
"499","CPI","SF","2005-02-01",201.2
"500","CPI","SF","2005-04-01",202.5
"501","CPI","SF","2005-06-01",201.2
"502","CPI","SF","2005-08-01",203
"503","CPI","SF","2005-10-01",205.9
"504","CPI","SF","2005-12-01",203.4
"505","CPI","SF","2006-02-01",207.1
"506","CPI","SF","2006-04-01",208.9
"507","CPI","SF","2006-06-01",209.1
"508","CPI","SF","2006-08-01",210.7
"509","CPI","SF","2006-10-01",211
"510","CPI","SF","2006-12-01",210.4
"511","CPI","SF","2007-02-01",213.688
"512","CPI","SF","2007-04-01",215.842
"513","CPI","SF","2007-06-01",216.123
"514","CPI","SF","2007-08-01",216.24
"515","CPI","SF","2007-10-01",217.949
"516","CPI","SF","2007-12-01",218.485
"517","CPI","SF","2008-02-01",219.612
"518","CPI","SF","2008-04-01",222.074
"519","CPI","SF","2008-06-01",225.181
"520","CPI","SF","2008-08-01",225.411
"521","CPI","SF","2008-10-01",225.824
"522","CPI","SF","2008-12-01",218.528
"523","CPI","SF","2009-02-01",222.166
"524","CPI","SF","2009-04-01",223.854
"525","CPI","SF","2009-06-01",225.692
"526","CPI","SF","2009-08-01",225.801
"527","CPI","SF","2009-10-01",226.051
"528","CPI","SF","2009-12-01",224.239
"529","CPI","SF","2010-02-01",226.145
"530","CPI","SF","2010-04-01",227.697
"531","CPI","SF","2010-06-01",228.11
"532","CPI","SF","2010-08-01",227.954
"533","CPI","SF","2010-10-01",228.107
"534","CPI","SF","2010-12-01",227.658
"535","CPI","SF","2011-02-01",229.981
"536","CPI","SF","2011-04-01",234.121
"537","CPI","SF","2011-06-01",233.646
"538","CPI","SF","2011-08-01",234.608
"539","CPI","SF","2011-10-01",235.331
"540","CPI","SF","2011-12-01",234.327
"541","CPI","SF","2012-02-01",236.88
"542","CPI","SF","2012-04-01",238.985
"543","CPI","SF","2012-06-01",239.806
"544","CPI","SF","2012-08-01",241.17
"545","CPI","SF","2012-10-01",242.834
"546","CPI","SF","2012-12-01",239.533
"547","CPI","SF","2013-02-01",242.677
"548","CPI","SF","2013-04-01",244.675
"549","CPI","SF","2013-06-01",245.935
"550","CPI","SF","2013-08-01",246.072
"551","CPI","SF","2013-10-01",246.617
"552","CPI","SF","2013-12-01",245.711
"553","CPI","SF","2014-02-01",248.615
"554","CPI","SF","2014-04-01",251.495
"555","CPI","SF","2014-06-01",253.317
"556","CPI","SF","2014-08-01",253.354
"557","CPI","SF","2014-10-01",254.503
"558","CPI","SF","2014-12-01",252.273
"559","CPI","SF","2015-02-01",254.91
"560","CPI","SF","2015-04-01",257.622
"561","CPI","SF","2015-06-01",259.117
"562","CPI","SF","2015-08-01",259.917
"563","CPI","SF","2015-10-01",261.019
"564","CPI","SF","2015-12-01",260.289
"565","CPI","SF","2016-02-01",262.6
"566","CPI","SF","2016-04-01",264.565
"567","CPI","SF","2016-06-01",266.041
"568","CPI","SF","2016-08-01",267.853
"569","CPI","SF","2016-10-01",270.306
"570","CPI","SF","2016-12-01",269.483
"571","CPI","SF","2017-02-01",271.626
"572","CPI","SF","2017-04-01",274.589
"573","CPI","SF","2017-06-01",275.304
"574","CPI","SF","2017-08-01",275.893
"575","CPI","SF","2017-10-01",277.57
"576","CPI","SF","2017-12-01",277.414
"577","CPI","SF","2018-02-01",281.308
"578","CPI","SF","2018-04-01",283.422
"579","CPI","SF","2018-06-01",286.062
"580","CPI","SF","2018-08-01",287.664
"581","CPI","SF","2018-10-01",289.673
"582","CPI","SF","2018-12-01",289.896
"583","CPI","SF","2019-02-01",291.227
"584","CPI","SF","2019-04-01",294.801
"585","CPI","SF","2019-06-01",295.259
"586","CPI","SF","2019-08-01",295.49
"587","CPI","SF","2019-10-01",298.443
"588","CPI","SF","2019-12-01",297.007
"589","CPI","SF","2020-02-01",299.69
"590","CPI","SF","2020-04-01",298.074
"591","CPI","SF","2020-06-01",300.032
"592","CPI","SF","2020-08-01",300.182
"593","CPI","SF","2020-10-01",301.736
"594","CPI","SF","2020-12-01",302.948
"595","CPI","SF","2021-02-01",304.387
"596","CPI","SF","2021-04-01",309.419
"597","CPI","SF","2021-06-01",309.497
"598","CPI","SF","2021-08-01",311.167
"599","CPI","SF","2021-10-01",313.265
"600","CPI","SF","2021-12-01",315.805
"601","CPI","SF","2022-02-01",320.195
"602","CPI","SF","2022-04-01",324.878
"603","CPI","SF","2022-06-01",330.539
"604","CPI","SF","2022-08-01",328.871
"605","CPI","SF","2022-10-01",332.062
"606","CPI","SF","2022-12-01",331.222
"607","CPI","SF","2023-02-01",337.173
"608","CPI","SF","2023-04-01",338.496
"609","CPI","SF","2023-06-01",340.056
"610","CPI","SF","2023-08-01",340.094
"611","CPI","SF","2023-10-01",341.219
"612","CPI","SF","2023-12-01",339.915
"613","CPI","SF","2024-02-01",345.151
"614","CPI","SF","2024-04-01",351.247
"615","CPI","SF","2024-06-01",351.064
"616","CPI","NY","1914-12-01",9.9
"617","CPI","NY","1915-12-01",10.1
"618","CPI","NY","1916-12-01",11.3
"619","CPI","NY","1917-12-01",13.8
"620","CPI","NY","1918-12-01",16.8
"621","CPI","NY","1919-06-01",17.1
"622","CPI","NY","1919-12-01",19.3
"623","CPI","NY","1920-06-01",20.9
"624","CPI","NY","1920-12-01",19.5
"625","CPI","NY","1921-05-01",17.9
"626","CPI","NY","1921-09-01",17.8
"627","CPI","NY","1921-12-01",17.9
"628","CPI","NY","1922-03-01",17.1
"629","CPI","NY","1922-06-01",17.2
"630","CPI","NY","1922-09-01",17.1
"631","CPI","NY","1922-12-01",17.4
"632","CPI","NY","1923-03-01",17.3
"633","CPI","NY","1923-06-01",17.4
"634","CPI","NY","1923-09-01",17.6
"635","CPI","NY","1923-12-01",17.8
"636","CPI","NY","1924-03-01",17.4
"637","CPI","NY","1924-06-01",17.4
"638","CPI","NY","1924-09-01",17.4
"639","CPI","NY","1924-12-01",17.7
"640","CPI","NY","1925-06-01",17.7
"641","CPI","NY","1925-12-01",18.5
"642","CPI","NY","1926-06-01",18.1
"643","CPI","NY","1926-12-01",18.1
"644","CPI","NY","1927-06-01",18
"645","CPI","NY","1927-12-01",18.1
"646","CPI","NY","1928-06-01",17.7
"647","CPI","NY","1928-12-01",17.8
"648","CPI","NY","1929-06-01",17.8
"649","CPI","NY","1929-12-01",17.9
"650","CPI","NY","1930-06-01",17.4
"651","CPI","NY","1930-12-01",17
"652","CPI","NY","1931-06-01",16
"653","CPI","NY","1931-12-01",15.4
"654","CPI","NY","1932-06-01",14.7
"655","CPI","NY","1932-12-01",14.2
"656","CPI","NY","1933-06-01",13.7
"657","CPI","NY","1933-12-01",14
"658","CPI","NY","1934-06-01",14.3
"659","CPI","NY","1934-11-01",14.4
"660","CPI","NY","1935-03-01",14.4
"661","CPI","NY","1935-07-01",14.3
"662","CPI","NY","1935-10-01",14.4
"663","CPI","NY","1936-01-01",14.6
"664","CPI","NY","1936-04-01",14.4
"665","CPI","NY","1936-07-01",14.5
"666","CPI","NY","1936-09-01",14.7
"667","CPI","NY","1936-12-01",14.5
"668","CPI","NY","1937-03-01",14.8
"669","CPI","NY","1937-06-01",14.8
"670","CPI","NY","1937-09-01",15.2
"671","CPI","NY","1937-12-01",15
"672","CPI","NY","1938-03-01",14.5
"673","CPI","NY","1938-06-01",14.5
"674","CPI","NY","1938-09-01",14.6
"675","CPI","NY","1938-12-01",14.6
"676","CPI","NY","1939-03-01",14.5
"677","CPI","NY","1939-06-01",14.3
"678","CPI","NY","1939-09-01",14.8
"679","CPI","NY","1939-12-01",14.6
"680","CPI","NY","1940-03-01",14.7
"681","CPI","NY","1940-06-01",14.8
"682","CPI","NY","1940-09-01",14.7
"683","CPI","NY","1940-10-01",14.6
"684","CPI","NY","1940-11-01",14.7
"685","CPI","NY","1940-12-01",14.7
"686","CPI","NY","1941-01-01",14.7
"687","CPI","NY","1941-02-01",14.8
"688","CPI","NY","1941-03-01",14.8
"689","CPI","NY","1941-04-01",14.9
"690","CPI","NY","1941-05-01",15
"691","CPI","NY","1941-06-01",15.2
"692","CPI","NY","1941-07-01",15.3
"693","CPI","NY","1941-08-01",15.4
"694","CPI","NY","1941-09-01",15.6
"695","CPI","NY","1941-10-01",15.7
"696","CPI","NY","1941-11-01",15.8
"697","CPI","NY","1941-12-01",15.8
"698","CPI","NY","1942-01-01",16.1
"699","CPI","NY","1942-02-01",16.2
"700","CPI","NY","1942-03-01",16.3
"701","CPI","NY","1942-04-01",16.4
"702","CPI","NY","1942-05-01",16.5
"703","CPI","NY","1942-06-01",16.7
"704","CPI","NY","1942-07-01",16.8
"705","CPI","NY","1942-08-01",16.9
"706","CPI","NY","1942-09-01",16.9
"707","CPI","NY","1942-10-01",17.1
"708","CPI","NY","1942-11-01",17.3
"709","CPI","NY","1942-12-01",17.4
"710","CPI","NY","1943-01-01",17.5
"711","CPI","NY","1943-02-01",17.5
"712","CPI","NY","1943-03-01",17.8
"713","CPI","NY","1943-04-01",17.9
"714","CPI","NY","1943-05-01",18.1
"715","CPI","NY","1943-06-01",18.1
"716","CPI","NY","1943-07-01",18.1
"717","CPI","NY","1943-08-01",17.9
"718","CPI","NY","1943-09-01",18.1
"719","CPI","NY","1943-10-01",18.2
"720","CPI","NY","1943-11-01",18.2
"721","CPI","NY","1943-12-01",18.2
"722","CPI","NY","1944-01-01",18.2
"723","CPI","NY","1944-02-01",18.1
"724","CPI","NY","1944-03-01",18.2
"725","CPI","NY","1944-04-01",18.3
"726","CPI","NY","1944-05-01",18.4
"727","CPI","NY","1944-06-01",18.4
"728","CPI","NY","1944-07-01",18.5
"729","CPI","NY","1944-08-01",18.5
"730","CPI","NY","1944-09-01",18.5
"731","CPI","NY","1944-10-01",18.5
"732","CPI","NY","1944-11-01",18.6
"733","CPI","NY","1944-12-01",18.6
"734","CPI","NY","1945-01-01",18.6
"735","CPI","NY","1945-02-01",18.6
"736","CPI","NY","1945-03-01",18.5
"737","CPI","NY","1945-04-01",18.6
"738","CPI","NY","1945-05-01",18.7
"739","CPI","NY","1945-06-01",18.9
"740","CPI","NY","1945-07-01",19.1
"741","CPI","NY","1945-08-01",19
"742","CPI","NY","1945-09-01",18.9
"743","CPI","NY","1945-10-01",18.9
"744","CPI","NY","1945-11-01",19
"745","CPI","NY","1945-12-01",19.1
"746","CPI","NY","1946-01-01",19.2
"747","CPI","NY","1946-02-01",19.2
"748","CPI","NY","1946-03-01",19.3
"749","CPI","NY","1946-04-01",19.5
"750","CPI","NY","1946-05-01",19.6
"751","CPI","NY","1946-06-01",19.8
"752","CPI","NY","1946-07-01",21
"753","CPI","NY","1946-08-01",21.3
"754","CPI","NY","1946-09-01",21.8
"755","CPI","NY","1946-10-01",22.3
"756","CPI","NY","1946-11-01",22.5
"757","CPI","NY","1946-12-01",22.7
"758","CPI","NY","1947-01-01",22.6
"759","CPI","NY","1947-02-01",22.5
"760","CPI","NY","1947-03-01",23
"761","CPI","NY","1947-04-01",22.9
"762","CPI","NY","1947-05-01",22.7
"763","CPI","NY","1947-06-01",22.9
"764","CPI","NY","1947-07-01",23
"765","CPI","NY","1947-08-01",23.2
"766","CPI","NY","1947-09-01",23.6
"767","CPI","NY","1947-10-01",23.6
"768","CPI","NY","1947-11-01",23.9
"769","CPI","NY","1947-12-01",24.1
"770","CPI","NY","1948-01-01",24.4
"771","CPI","NY","1948-02-01",24.3
"772","CPI","NY","1948-03-01",24
"773","CPI","NY","1948-04-01",24.4
"774","CPI","NY","1948-05-01",24.5
"775","CPI","NY","1948-06-01",24.7
"776","CPI","NY","1948-07-01",25.2
"777","CPI","NY","1948-08-01",25.3
"778","CPI","NY","1948-09-01",25.3
"779","CPI","NY","1948-10-01",25.1
"780","CPI","NY","1948-11-01",25
"781","CPI","NY","1948-12-01",24.7
"782","CPI","NY","1949-01-01",24.7
"783","CPI","NY","1949-02-01",24.4
"784","CPI","NY","1949-03-01",24.5
"785","CPI","NY","1949-04-01",24.6
"786","CPI","NY","1949-05-01",24.5
"787","CPI","NY","1949-06-01",24.5
"788","CPI","NY","1949-07-01",24.5
"789","CPI","NY","1949-08-01",24.5
"790","CPI","NY","1949-09-01",24.6
"791","CPI","NY","1949-10-01",24.3
"792","CPI","NY","1949-11-01",24.3
"793","CPI","NY","1949-12-01",24.2
"794","CPI","NY","1950-01-01",24
"795","CPI","NY","1950-02-01",24.1
"796","CPI","NY","1950-03-01",24.1
"797","CPI","NY","1950-04-01",24.2
"798","CPI","NY","1950-05-01",24.2
"799","CPI","NY","1950-06-01",24.3
"800","CPI","NY","1950-07-01",24.7
"801","CPI","NY","1950-08-01",24.7
"802","CPI","NY","1950-09-01",25
"803","CPI","NY","1950-10-01",25.1
"804","CPI","NY","1950-11-01",25.3
"805","CPI","NY","1950-12-01",25.6
"806","CPI","NY","1951-01-01",25.9
"807","CPI","NY","1951-02-01",26.3
"808","CPI","NY","1951-03-01",26.3
"809","CPI","NY","1951-04-01",26.3
"810","CPI","NY","1951-05-01",26.5
"811","CPI","NY","1951-06-01",26.3
"812","CPI","NY","1951-07-01",26.4
"813","CPI","NY","1951-08-01",26.4
"814","CPI","NY","1951-09-01",26.6
"815","CPI","NY","1951-10-01",26.7
"816","CPI","NY","1951-11-01",26.8
"817","CPI","NY","1951-12-01",26.8
"818","CPI","NY","1952-01-01",26.8
"819","CPI","NY","1952-02-01",26.7
"820","CPI","NY","1952-03-01",26.6
"821","CPI","NY","1952-04-01",26.7
"822","CPI","NY","1952-05-01",26.7
"823","CPI","NY","1952-06-01",26.7
"824","CPI","NY","1952-07-01",27.1
"825","CPI","NY","1952-08-01",27.1
"826","CPI","NY","1952-09-01",27.1
"827","CPI","NY","1952-10-01",27.1
"828","CPI","NY","1952-11-01",27.2
"829","CPI","NY","1952-12-01",27
"830","CPI","NY","1953-01-01",26.9
"831","CPI","NY","1953-02-01",26.8
"832","CPI","NY","1953-03-01",26.8
"833","CPI","NY","1953-04-01",26.8
"834","CPI","NY","1953-05-01",26.8
"835","CPI","NY","1953-06-01",27
"836","CPI","NY","1953-07-01",27.1
"837","CPI","NY","1953-08-01",27.2
"838","CPI","NY","1953-09-01",27.3
"839","CPI","NY","1953-10-01",27.3
"840","CPI","NY","1953-11-01",27.2
"841","CPI","NY","1953-12-01",27.3
"842","CPI","NY","1954-01-01",27.3
"843","CPI","NY","1954-02-01",27.2
"844","CPI","NY","1954-03-01",27.1
"845","CPI","NY","1954-04-01",27.2
"846","CPI","NY","1954-05-01",27.2
"847","CPI","NY","1954-06-01",27.2
"848","CPI","NY","1954-07-01",27.3
"849","CPI","NY","1954-08-01",27.3
"850","CPI","NY","1954-09-01",27.2
"851","CPI","NY","1954-10-01",27.2
"852","CPI","NY","1954-11-01",27.2
"853","CPI","NY","1954-12-01",27.1
"854","CPI","NY","1955-01-01",27.1
"855","CPI","NY","1955-02-01",27.2
"856","CPI","NY","1955-03-01",27.1
"857","CPI","NY","1955-04-01",27.1
"858","CPI","NY","1955-05-01",27
"859","CPI","NY","1955-06-01",27
"860","CPI","NY","1955-07-01",27
"861","CPI","NY","1955-08-01",27
"862","CPI","NY","1955-09-01",27.2
"863","CPI","NY","1955-10-01",27.1
"864","CPI","NY","1955-11-01",27.2
"865","CPI","NY","1955-12-01",27
"866","CPI","NY","1956-01-01",27.1
"867","CPI","NY","1956-02-01",27.1
"868","CPI","NY","1956-03-01",27.1
"869","CPI","NY","1956-04-01",27.1
"870","CPI","NY","1956-05-01",27.3
"871","CPI","NY","1956-06-01",27.4
"872","CPI","NY","1956-07-01",27.6
"873","CPI","NY","1956-08-01",27.6
"874","CPI","NY","1956-09-01",27.8
"875","CPI","NY","1956-10-01",27.9
"876","CPI","NY","1956-11-01",27.9
"877","CPI","NY","1956-12-01",27.9
"878","CPI","NY","1957-01-01",27.9
"879","CPI","NY","1957-02-01",28
"880","CPI","NY","1957-03-01",28
"881","CPI","NY","1957-04-01",28.2
"882","CPI","NY","1957-05-01",28.3
"883","CPI","NY","1957-06-01",28.4
"884","CPI","NY","1957-07-01",28.6
"885","CPI","NY","1957-08-01",28.6
"886","CPI","NY","1957-09-01",28.5
"887","CPI","NY","1957-10-01",28.6
"888","CPI","NY","1957-11-01",28.6
"889","CPI","NY","1957-12-01",28.6
"890","CPI","NY","1958-01-01",29
"891","CPI","NY","1958-02-01",29
"892","CPI","NY","1958-03-01",29.2
"893","CPI","NY","1958-04-01",29.2
"894","CPI","NY","1958-05-01",29.2
"895","CPI","NY","1958-06-01",29.2
"896","CPI","NY","1958-07-01",29.2
"897","CPI","NY","1958-08-01",29.2
"898","CPI","NY","1958-09-01",29.3
"899","CPI","NY","1958-10-01",29.3
"900","CPI","NY","1958-11-01",29.4
"901","CPI","NY","1958-12-01",29.3
"902","CPI","NY","1959-01-01",29.4
"903","CPI","NY","1959-02-01",29.4
"904","CPI","NY","1959-03-01",29.4
"905","CPI","NY","1959-04-01",29.4
"906","CPI","NY","1959-05-01",29.4
"907","CPI","NY","1959-06-01",29.6
"908","CPI","NY","1959-07-01",29.8
"909","CPI","NY","1959-08-01",29.7
"910","CPI","NY","1959-09-01",29.8
"911","CPI","NY","1959-10-01",29.9
"912","CPI","NY","1959-11-01",30
"913","CPI","NY","1959-12-01",30
"914","CPI","NY","1960-01-01",30
"915","CPI","NY","1960-02-01",30
"916","CPI","NY","1960-03-01",30
"917","CPI","NY","1960-04-01",30.1
"918","CPI","NY","1960-05-01",30.1
"919","CPI","NY","1960-06-01",30.1
"920","CPI","NY","1960-07-01",30.1
"921","CPI","NY","1960-08-01",30.2
"922","CPI","NY","1960-09-01",30.3
"923","CPI","NY","1960-10-01",30.4
"924","CPI","NY","1960-11-01",30.5
"925","CPI","NY","1960-12-01",30.5
"926","CPI","NY","1961-01-01",30.4
"927","CPI","NY","1961-02-01",30.4
"928","CPI","NY","1961-03-01",30.4
"929","CPI","NY","1961-04-01",30.3
"930","CPI","NY","1961-05-01",30.3
"931","CPI","NY","1961-06-01",30.3
"932","CPI","NY","1961-07-01",30.5
"933","CPI","NY","1961-08-01",30.5
"934","CPI","NY","1961-09-01",30.6
"935","CPI","NY","1961-10-01",30.6
"936","CPI","NY","1961-11-01",30.6
"937","CPI","NY","1961-12-01",30.6
"938","CPI","NY","1962-01-01",30.7
"939","CPI","NY","1962-02-01",30.8
"940","CPI","NY","1962-03-01",30.8
"941","CPI","NY","1962-04-01",30.8
"942","CPI","NY","1962-05-01",30.7
"943","CPI","NY","1962-06-01",30.8
"944","CPI","NY","1962-07-01",30.9
"945","CPI","NY","1962-08-01",31
"946","CPI","NY","1962-09-01",31.2
"947","CPI","NY","1962-10-01",31.2
"948","CPI","NY","1962-11-01",31.1
"949","CPI","NY","1962-12-01",31.1
"950","CPI","NY","1963-01-01",31.2
"951","CPI","NY","1963-02-01",31.3
"952","CPI","NY","1963-03-01",31.3
"953","CPI","NY","1963-04-01",31.4
"954","CPI","NY","1963-05-01",31.3
"955","CPI","NY","1963-06-01",31.6
"956","CPI","NY","1963-07-01",31.8
"957","CPI","NY","1963-08-01",31.8
"958","CPI","NY","1963-09-01",31.8
"959","CPI","NY","1963-10-01",31.8
"960","CPI","NY","1963-11-01",31.9
"961","CPI","NY","1963-12-01",32
"962","CPI","NY","1964-01-01",31.9
"963","CPI","NY","1964-02-01",32
"964","CPI","NY","1964-03-01",32
"965","CPI","NY","1964-04-01",32
"966","CPI","NY","1964-05-01",32
"967","CPI","NY","1964-06-01",32
"968","CPI","NY","1964-07-01",32.1
"969","CPI","NY","1964-08-01",32.1
"970","CPI","NY","1964-09-01",32.2
"971","CPI","NY","1964-10-01",32.2
"972","CPI","NY","1964-11-01",32.3
"973","CPI","NY","1964-12-01",32.3
"974","CPI","NY","1965-01-01",32.2
"975","CPI","NY","1965-02-01",32.3
"976","CPI","NY","1965-03-01",32.3
"977","CPI","NY","1965-04-01",32.4
"978","CPI","NY","1965-05-01",32.5
"979","CPI","NY","1965-06-01",32.6
"980","CPI","NY","1965-07-01",32.7
"981","CPI","NY","1965-08-01",32.7
"982","CPI","NY","1965-09-01",32.8
"983","CPI","NY","1965-10-01",32.9
"984","CPI","NY","1965-11-01",32.9
"985","CPI","NY","1965-12-01",33
"986","CPI","NY","1966-01-01",33
"987","CPI","NY","1966-02-01",33.2
"988","CPI","NY","1966-03-01",33.4
"989","CPI","NY","1966-04-01",33.5
"990","CPI","NY","1966-05-01",33.5
"991","CPI","NY","1966-06-01",33.5
"992","CPI","NY","1966-07-01",33.8
"993","CPI","NY","1966-08-01",33.9
"994","CPI","NY","1966-09-01",34.1
"995","CPI","NY","1966-10-01",34.2
"996","CPI","NY","1966-11-01",34.2
"997","CPI","NY","1966-12-01",34.2
"998","CPI","NY","1967-01-01",34.1
"999","CPI","NY","1967-02-01",34.3
"1000","CPI","NY","1967-03-01",34.3
"1001","CPI","NY","1967-04-01",34.3
"1002","CPI","NY","1967-05-01",34.4
"1003","CPI","NY","1967-06-01",34.5
"1004","CPI","NY","1967-07-01",34.6
"1005","CPI","NY","1967-08-01",34.7
"1006","CPI","NY","1967-09-01",34.8
"1007","CPI","NY","1967-10-01",34.9
"1008","CPI","NY","1967-11-01",35
"1009","CPI","NY","1967-12-01",35.1
"1010","CPI","NY","1968-01-01",35.1
"1011","CPI","NY","1968-02-01",35.3
"1012","CPI","NY","1968-03-01",35.5
"1013","CPI","NY","1968-04-01",35.6
"1014","CPI","NY","1968-05-01",35.7
"1015","CPI","NY","1968-06-01",35.9
"1016","CPI","NY","1968-07-01",36.1
"1017","CPI","NY","1968-08-01",36.4
"1018","CPI","NY","1968-09-01",36.6
"1019","CPI","NY","1968-10-01",36.8
"1020","CPI","NY","1968-11-01",36.9
"1021","CPI","NY","1968-12-01",37
"1022","CPI","NY","1969-01-01",37.2
"1023","CPI","NY","1969-02-01",37.3
"1024","CPI","NY","1969-03-01",37.7
"1025","CPI","NY","1969-04-01",37.9
"1026","CPI","NY","1969-05-01",38
"1027","CPI","NY","1969-06-01",38.3
"1028","CPI","NY","1969-07-01",38.4
"1029","CPI","NY","1969-08-01",38.5
"1030","CPI","NY","1969-09-01",38.8
"1031","CPI","NY","1969-10-01",39
"1032","CPI","NY","1969-11-01",39.1
"1033","CPI","NY","1969-12-01",39.5
"1034","CPI","NY","1970-01-01",39.8
"1035","CPI","NY","1970-02-01",40.2
"1036","CPI","NY","1970-03-01",40.4
"1037","CPI","NY","1970-04-01",40.7
"1038","CPI","NY","1970-05-01",40.9
"1039","CPI","NY","1970-06-01",41.2
"1040","CPI","NY","1970-07-01",41.3
"1041","CPI","NY","1970-08-01",41.4
"1042","CPI","NY","1970-09-01",41.7
"1043","CPI","NY","1970-10-01",41.9
"1044","CPI","NY","1970-11-01",42
"1045","CPI","NY","1970-12-01",42.3
"1046","CPI","NY","1971-01-01",42.4
"1047","CPI","NY","1971-02-01",42.7
"1048","CPI","NY","1971-03-01",43
"1049","CPI","NY","1971-04-01",43.1
"1050","CPI","NY","1971-05-01",43.3
"1051","CPI","NY","1971-06-01",43.6
"1052","CPI","NY","1971-07-01",43.9
"1053","CPI","NY","1971-08-01",43.9
"1054","CPI","NY","1971-09-01",44
"1055","CPI","NY","1971-10-01",44.1
"1056","CPI","NY","1971-11-01",44.1
"1057","CPI","NY","1971-12-01",44.3
"1058","CPI","NY","1972-01-01",44.5
"1059","CPI","NY","1972-02-01",44.8
"1060","CPI","NY","1972-03-01",45
"1061","CPI","NY","1972-04-01",45.1
"1062","CPI","NY","1972-05-01",45.2
"1063","CPI","NY","1972-06-01",45.3
"1064","CPI","NY","1972-07-01",45.5
"1065","CPI","NY","1972-08-01",45.6
"1066","CPI","NY","1972-09-01",46
"1067","CPI","NY","1972-10-01",46.1
"1068","CPI","NY","1972-11-01",46.1
"1069","CPI","NY","1972-12-01",46.2
"1070","CPI","NY","1973-01-01",46.3
"1071","CPI","NY","1973-02-01",46.7
"1072","CPI","NY","1973-03-01",47.2
"1073","CPI","NY","1973-04-01",47.6
"1074","CPI","NY","1973-05-01",47.8
"1075","CPI","NY","1973-06-01",48.1
"1076","CPI","NY","1973-07-01",48.2
"1077","CPI","NY","1973-08-01",49
"1078","CPI","NY","1973-09-01",49.2
"1079","CPI","NY","1973-10-01",49.5
"1080","CPI","NY","1973-11-01",50
"1081","CPI","NY","1973-12-01",50.5
"1082","CPI","NY","1974-01-01",50.8
"1083","CPI","NY","1974-02-01",51.6
"1084","CPI","NY","1974-03-01",52.2
"1085","CPI","NY","1974-04-01",52.2
"1086","CPI","NY","1974-05-01",52.8
"1087","CPI","NY","1974-06-01",53.2
"1088","CPI","NY","1974-07-01",53.4
"1089","CPI","NY","1974-08-01",54.3
"1090","CPI","NY","1974-09-01",54.9
"1091","CPI","NY","1974-10-01",55.4
"1092","CPI","NY","1974-11-01",55.7
"1093","CPI","NY","1974-12-01",56
"1094","CPI","NY","1975-01-01",56
"1095","CPI","NY","1975-02-01",56.5
"1096","CPI","NY","1975-03-01",56.5
"1097","CPI","NY","1975-04-01",56.6
"1098","CPI","NY","1975-05-01",56.8
"1099","CPI","NY","1975-06-01",57.1
"1100","CPI","NY","1975-07-01",57.6
"1101","CPI","NY","1975-08-01",57.9
"1102","CPI","NY","1975-09-01",58.6
"1103","CPI","NY","1975-10-01",58.8
"1104","CPI","NY","1975-11-01",59.3
"1105","CPI","NY","1975-12-01",59.6
"1106","CPI","NY","1976-01-01",59.7
"1107","CPI","NY","1976-02-01",60
"1108","CPI","NY","1976-03-01",60.2
"1109","CPI","NY","1976-04-01",60.3
"1110","CPI","NY","1976-05-01",60.5
"1111","CPI","NY","1976-06-01",60.9
"1112","CPI","NY","1976-07-01",61.1
"1113","CPI","NY","1976-08-01",61.4
"1114","CPI","NY","1976-09-01",61.8
"1115","CPI","NY","1976-10-01",61.9
"1116","CPI","NY","1976-11-01",61.9
"1117","CPI","NY","1976-12-01",62.2
"1118","CPI","NY","1977-01-01",62.4
"1119","CPI","NY","1977-02-01",63
"1120","CPI","NY","1977-03-01",63.3
"1121","CPI","NY","1977-04-01",63.5
"1122","CPI","NY","1977-05-01",63.9
"1123","CPI","NY","1977-06-01",64.4
"1124","CPI","NY","1977-07-01",64.5
"1125","CPI","NY","1977-08-01",64.8
"1126","CPI","NY","1977-09-01",64.8
"1127","CPI","NY","1977-10-01",64.9
"1128","CPI","NY","1977-11-01",65.2
"1129","CPI","NY","1977-12-01",65.3
"1130","CPI","NY","1978-01-01",65.7
"1131","CPI","NY","1978-02-01",66
"1132","CPI","NY","1978-03-01",66.5
"1133","CPI","NY","1978-04-01",66.9
"1134","CPI","NY","1978-05-01",67.3
"1135","CPI","NY","1978-06-01",68
"1136","CPI","NY","1978-07-01",68.1
"1137","CPI","NY","1978-08-01",68.4
"1138","CPI","NY","1978-09-01",68.8
"1139","CPI","NY","1978-10-01",69.3
"1140","CPI","NY","1978-11-01",69.5
"1141","CPI","NY","1978-12-01",69.7
"1142","CPI","NY","1979-01-01",70.2
"1143","CPI","NY","1979-02-01",71
"1144","CPI","NY","1979-03-01",71.4
"1145","CPI","NY","1979-04-01",72.1
"1146","CPI","NY","1979-05-01",72.8
"1147","CPI","NY","1979-06-01",73.5
"1148","CPI","NY","1979-07-01",74
"1149","CPI","NY","1979-08-01",74.5
"1150","CPI","NY","1979-09-01",75.4
"1151","CPI","NY","1979-10-01",76.1
"1152","CPI","NY","1979-11-01",76.6
"1153","CPI","NY","1979-12-01",77.1
"1154","CPI","NY","1980-01-01",78.2
"1155","CPI","NY","1980-02-01",78.9
"1156","CPI","NY","1980-03-01",80
"1157","CPI","NY","1980-04-01",80.6
"1158","CPI","NY","1980-05-01",81.1
"1159","CPI","NY","1980-06-01",82.1
"1160","CPI","NY","1980-07-01",82.6
"1161","CPI","NY","1980-08-01",83.3
"1162","CPI","NY","1980-09-01",83.6
"1163","CPI","NY","1980-10-01",84.1
"1164","CPI","NY","1980-11-01",84.6
"1165","CPI","NY","1980-12-01",85.5
"1166","CPI","NY","1981-01-01",86.3
"1167","CPI","NY","1981-02-01",87.4
"1168","CPI","NY","1981-03-01",87.8
"1169","CPI","NY","1981-04-01",88.3
"1170","CPI","NY","1981-05-01",88.8
"1171","CPI","NY","1981-06-01",89.5
"1172","CPI","NY","1981-07-01",90.8
"1173","CPI","NY","1981-08-01",91.6
"1174","CPI","NY","1981-09-01",93
"1175","CPI","NY","1981-10-01",92.7
"1176","CPI","NY","1981-11-01",92.6
"1177","CPI","NY","1981-12-01",92.7
"1178","CPI","NY","1982-01-01",92.9
"1179","CPI","NY","1982-02-01",93.1
"1180","CPI","NY","1982-03-01",92.5
"1181","CPI","NY","1982-04-01",92.8
"1182","CPI","NY","1982-05-01",93.7
"1183","CPI","NY","1982-06-01",95.7
"1184","CPI","NY","1982-07-01",95.9
"1185","CPI","NY","1982-08-01",96.3
"1186","CPI","NY","1982-09-01",97.1
"1187","CPI","NY","1982-10-01",98.4
"1188","CPI","NY","1982-11-01",98.1
"1189","CPI","NY","1982-12-01",97.5
"1190","CPI","NY","1983-01-01",97.8
"1191","CPI","NY","1983-02-01",98
"1192","CPI","NY","1983-03-01",98.1
"1193","CPI","NY","1983-04-01",99.1
"1194","CPI","NY","1983-05-01",99.4
"1195","CPI","NY","1983-06-01",99.7
"1196","CPI","NY","1983-07-01",100
"1197","CPI","NY","1983-08-01",100.1
"1198","CPI","NY","1983-09-01",101
"1199","CPI","NY","1983-10-01",101.3
"1200","CPI","NY","1983-11-01",101.7
"1201","CPI","NY","1983-12-01",101.8
"1202","CPI","NY","1984-01-01",102.8
"1203","CPI","NY","1984-02-01",103.4
"1204","CPI","NY","1984-03-01",103.7
"1205","CPI","NY","1984-04-01",104.1
"1206","CPI","NY","1984-05-01",104.1
"1207","CPI","NY","1984-06-01",104.3
"1208","CPI","NY","1984-07-01",104.8
"1209","CPI","NY","1984-08-01",105.5
"1210","CPI","NY","1984-09-01",106.2
"1211","CPI","NY","1984-10-01",106.1
"1212","CPI","NY","1984-11-01",106.5
"1213","CPI","NY","1984-12-01",106.5
"1214","CPI","NY","1985-01-01",106.7
"1215","CPI","NY","1985-02-01",107.3
"1216","CPI","NY","1985-03-01",107.5
"1217","CPI","NY","1985-04-01",107.9
"1218","CPI","NY","1985-05-01",108.1
"1219","CPI","NY","1985-06-01",108.3
"1220","CPI","NY","1985-07-01",108.4
"1221","CPI","NY","1985-08-01",109.2
"1222","CPI","NY","1985-09-01",109.6
"1223","CPI","NY","1985-10-01",109.8
"1224","CPI","NY","1985-11-01",110.7
"1225","CPI","NY","1985-12-01",111
"1226","CPI","NY","1986-01-01",111.8
"1227","CPI","NY","1986-02-01",111.5
"1228","CPI","NY","1986-03-01",111.5
"1229","CPI","NY","1986-04-01",111.2
"1230","CPI","NY","1986-05-01",110.9
"1231","CPI","NY","1986-06-01",111.7
"1232","CPI","NY","1986-07-01",112.5
"1233","CPI","NY","1986-08-01",112.7
"1234","CPI","NY","1986-09-01",113
"1235","CPI","NY","1986-10-01",113.4
"1236","CPI","NY","1986-11-01",113.3
"1237","CPI","NY","1986-12-01",113.8
"1238","CPI","NY","1987-01-01",114.7
"1239","CPI","NY","1987-02-01",115.3
"1240","CPI","NY","1987-03-01",115.8
"1241","CPI","NY","1987-04-01",116.6
"1242","CPI","NY","1987-05-01",117.3
"1243","CPI","NY","1987-06-01",117.8
"1244","CPI","NY","1987-07-01",117.9
"1245","CPI","NY","1987-08-01",118.9
"1246","CPI","NY","1987-09-01",119.8
"1247","CPI","NY","1987-10-01",120.2
"1248","CPI","NY","1987-11-01",120.5
"1249","CPI","NY","1987-12-01",120.6
"1250","CPI","NY","1988-01-01",121.3
"1251","CPI","NY","1988-02-01",121.1
"1252","CPI","NY","1988-03-01",121.5
"1253","CPI","NY","1988-04-01",122.6
"1254","CPI","NY","1988-05-01",122.7
"1255","CPI","NY","1988-06-01",123.1
"1256","CPI","NY","1988-07-01",123.6
"1257","CPI","NY","1988-08-01",124.2
"1258","CPI","NY","1988-09-01",126
"1259","CPI","NY","1988-10-01",126.2
"1260","CPI","NY","1988-11-01",125.9
"1261","CPI","NY","1988-12-01",126
"1262","CPI","NY","1989-01-01",127
"1263","CPI","NY","1989-02-01",127.6
"1264","CPI","NY","1989-03-01",128.9
"1265","CPI","NY","1989-04-01",129.5
"1266","CPI","NY","1989-05-01",130.2
"1267","CPI","NY","1989-06-01",130.5
"1268","CPI","NY","1989-07-01",130.6
"1269","CPI","NY","1989-08-01",130.9
"1270","CPI","NY","1989-09-01",132.2
"1271","CPI","NY","1989-10-01",132.8
"1272","CPI","NY","1989-11-01",133.2
"1273","CPI","NY","1989-12-01",133.3
"1274","CPI","NY","1990-01-01",135.1
"1275","CPI","NY","1990-02-01",135.3
"1276","CPI","NY","1990-03-01",136.6
"1277","CPI","NY","1990-04-01",137.3
"1278","CPI","NY","1990-05-01",137.2
"1279","CPI","NY","1990-06-01",137.1
"1280","CPI","NY","1990-07-01",138.4
"1281","CPI","NY","1990-08-01",140
"1282","CPI","NY","1990-09-01",140.8
"1283","CPI","NY","1990-10-01",141.6
"1284","CPI","NY","1990-11-01",141.5
"1285","CPI","NY","1990-12-01",141.6
"1286","CPI","NY","1991-01-01",143
"1287","CPI","NY","1991-02-01",143.6
"1288","CPI","NY","1991-03-01",143.4
"1289","CPI","NY","1991-04-01",143.7
"1290","CPI","NY","1991-05-01",144
"1291","CPI","NY","1991-06-01",144.6
"1292","CPI","NY","1991-07-01",145.2
"1293","CPI","NY","1991-08-01",145.4
"1294","CPI","NY","1991-09-01",145.8
"1295","CPI","NY","1991-10-01",145.7
"1296","CPI","NY","1991-11-01",146.6
"1297","CPI","NY","1991-12-01",146.6
"1298","CPI","NY","1992-01-01",147.3
"1299","CPI","NY","1992-02-01",148
"1300","CPI","NY","1992-03-01",149.1
"1301","CPI","NY","1992-04-01",149.2
"1302","CPI","NY","1992-05-01",148.9
"1303","CPI","NY","1992-06-01",149.5
"1304","CPI","NY","1992-07-01",149.9
"1305","CPI","NY","1992-08-01",150.8
"1306","CPI","NY","1992-09-01",151.4
"1307","CPI","NY","1992-10-01",152.1
"1308","CPI","NY","1992-11-01",152.2
"1309","CPI","NY","1992-12-01",151.9
"1310","CPI","NY","1993-01-01",153
"1311","CPI","NY","1993-02-01",153.6
"1312","CPI","NY","1993-03-01",154.1
"1313","CPI","NY","1993-04-01",154
"1314","CPI","NY","1993-05-01",153.8
"1315","CPI","NY","1993-06-01",154.2
"1316","CPI","NY","1993-07-01",154.3
"1317","CPI","NY","1993-08-01",155.3
"1318","CPI","NY","1993-09-01",155.3
"1319","CPI","NY","1993-10-01",155.5
"1320","CPI","NY","1993-11-01",155.4
"1321","CPI","NY","1993-12-01",155.6
"1322","CPI","NY","1994-01-01",156
"1323","CPI","NY","1994-02-01",157.4
"1324","CPI","NY","1994-03-01",157.9
"1325","CPI","NY","1994-04-01",157.7
"1326","CPI","NY","1994-05-01",157.3
"1327","CPI","NY","1994-06-01",157.8
"1328","CPI","NY","1994-07-01",158.2
"1329","CPI","NY","1994-08-01",159.1
"1330","CPI","NY","1994-09-01",159
"1331","CPI","NY","1994-10-01",159.5
"1332","CPI","NY","1994-11-01",159.4
"1333","CPI","NY","1994-12-01",158.9
"1334","CPI","NY","1995-01-01",159.9
"1335","CPI","NY","1995-02-01",160.3
"1336","CPI","NY","1995-03-01",160.9
"1337","CPI","NY","1995-04-01",161.4
"1338","CPI","NY","1995-05-01",161.8
"1339","CPI","NY","1995-06-01",162.2
"1340","CPI","NY","1995-07-01",162.3
"1341","CPI","NY","1995-08-01",162.8
"1342","CPI","NY","1995-09-01",163.2
"1343","CPI","NY","1995-10-01",163.6
"1344","CPI","NY","1995-11-01",163.8
"1345","CPI","NY","1995-12-01",163.7
"1346","CPI","NY","1996-01-01",164.8
"1347","CPI","NY","1996-02-01",165.7
"1348","CPI","NY","1996-03-01",166.5
"1349","CPI","NY","1996-04-01",166
"1350","CPI","NY","1996-05-01",166.4
"1351","CPI","NY","1996-06-01",166.5
"1352","CPI","NY","1996-07-01",166.7
"1353","CPI","NY","1996-08-01",167.2
"1354","CPI","NY","1996-09-01",168.2
"1355","CPI","NY","1996-10-01",168.2
"1356","CPI","NY","1996-11-01",168.4
"1357","CPI","NY","1996-12-01",168.5
"1358","CPI","NY","1997-01-01",169.1
"1359","CPI","NY","1997-02-01",170.1
"1360","CPI","NY","1997-03-01",170.7
"1361","CPI","NY","1997-04-01",170.2
"1362","CPI","NY","1997-05-01",169.9
"1363","CPI","NY","1997-06-01",170.3
"1364","CPI","NY","1997-07-01",170.8
"1365","CPI","NY","1997-08-01",170.8
"1366","CPI","NY","1997-09-01",171.7
"1367","CPI","NY","1997-10-01",172.3
"1368","CPI","NY","1997-11-01",172
"1369","CPI","NY","1997-12-01",171.9
"1370","CPI","NY","1998-01-01",172.1
"1371","CPI","NY","1998-02-01",172.7
"1372","CPI","NY","1998-03-01",173
"1373","CPI","NY","1998-04-01",173
"1374","CPI","NY","1998-05-01",173
"1375","CPI","NY","1998-06-01",173.1
"1376","CPI","NY","1998-07-01",173.6
"1377","CPI","NY","1998-08-01",174.2
"1378","CPI","NY","1998-09-01",174.4
"1379","CPI","NY","1998-10-01",174.8
"1380","CPI","NY","1998-11-01",174.7
"1381","CPI","NY","1998-12-01",174.7
"1382","CPI","NY","1999-01-01",175
"1383","CPI","NY","1999-02-01",175.1
"1384","CPI","NY","1999-03-01",175.5
"1385","CPI","NY","1999-04-01",176
"1386","CPI","NY","1999-05-01",176.1
"1387","CPI","NY","1999-06-01",176.8
"1388","CPI","NY","1999-07-01",177.2
"1389","CPI","NY","1999-08-01",177.6
"1390","CPI","NY","1999-09-01",178.2
"1391","CPI","NY","1999-10-01",178.9
"1392","CPI","NY","1999-11-01",178.8
"1393","CPI","NY","1999-12-01",178.6
"1394","CPI","NY","2000-01-01",179.3
"1395","CPI","NY","2000-02-01",180.5
"1396","CPI","NY","2000-03-01",181.5
"1397","CPI","NY","2000-04-01",181.4
"1398","CPI","NY","2000-05-01",181.4
"1399","CPI","NY","2000-06-01",182
"1400","CPI","NY","2000-07-01",182.8
"1401","CPI","NY","2000-08-01",183.1
"1402","CPI","NY","2000-09-01",184.4
"1403","CPI","NY","2000-10-01",184.6
"1404","CPI","NY","2000-11-01",184.6
"1405","CPI","NY","2000-12-01",184.2
"1406","CPI","NY","2001-01-01",184.9
"1407","CPI","NY","2001-02-01",185.3
"1408","CPI","NY","2001-03-01",186.4
"1409","CPI","NY","2001-04-01",186.6
"1410","CPI","NY","2001-05-01",187.3
"1411","CPI","NY","2001-06-01",188.3
"1412","CPI","NY","2001-07-01",187.8
"1413","CPI","NY","2001-08-01",188.1
"1414","CPI","NY","2001-09-01",188
"1415","CPI","NY","2001-10-01",187.8
"1416","CPI","NY","2001-11-01",187.8
"1417","CPI","NY","2001-12-01",187.3
"1418","CPI","NY","2002-01-01",188.5
"1419","CPI","NY","2002-02-01",189.9
"1420","CPI","NY","2002-03-01",191.1
"1421","CPI","NY","2002-04-01",191.8
"1422","CPI","NY","2002-05-01",191.4
"1423","CPI","NY","2002-06-01",191.5
"1424","CPI","NY","2002-07-01",192
"1425","CPI","NY","2002-08-01",193.1
"1426","CPI","NY","2002-09-01",193.3
"1427","CPI","NY","2002-10-01",193.7
"1428","CPI","NY","2002-11-01",193.4
"1429","CPI","NY","2002-12-01",193.1
"1430","CPI","NY","2003-01-01",194.7
"1431","CPI","NY","2003-02-01",196.2
"1432","CPI","NY","2003-03-01",197.1
"1433","CPI","NY","2003-04-01",196.7
"1434","CPI","NY","2003-05-01",196.8
"1435","CPI","NY","2003-06-01",196.9
"1436","CPI","NY","2003-07-01",197.7
"1437","CPI","NY","2003-08-01",199.1
"1438","CPI","NY","2003-09-01",199.6
"1439","CPI","NY","2003-10-01",200
"1440","CPI","NY","2003-11-01",199.4
"1441","CPI","NY","2003-12-01",199.3
"1442","CPI","NY","2004-01-01",199.9
"1443","CPI","NY","2004-02-01",201.1
"1444","CPI","NY","2004-03-01",203.4
"1445","CPI","NY","2004-04-01",204
"1446","CPI","NY","2004-05-01",204.4
"1447","CPI","NY","2004-06-01",206
"1448","CPI","NY","2004-07-01",205.5
"1449","CPI","NY","2004-08-01",205.7
"1450","CPI","NY","2004-09-01",205.9
"1451","CPI","NY","2004-10-01",207.3
"1452","CPI","NY","2004-11-01",207.2
"1453","CPI","NY","2004-12-01",206.8
"1454","CPI","NY","2005-01-01",208.1
"1455","CPI","NY","2005-02-01",208.9
"1456","CPI","NY","2005-03-01",212.4
"1457","CPI","NY","2005-04-01",212.5
"1458","CPI","NY","2005-05-01",211.4
"1459","CPI","NY","2005-06-01",210.7
"1460","CPI","NY","2005-07-01",212.5
"1461","CPI","NY","2005-08-01",214.1
"1462","CPI","NY","2005-09-01",215.8
"1463","CPI","NY","2005-10-01",216.6
"1464","CPI","NY","2005-11-01",215.3
"1465","CPI","NY","2005-12-01",214.2
"1466","CPI","NY","2006-01-01",215.9
"1467","CPI","NY","2006-02-01",216.4
"1468","CPI","NY","2006-03-01",218.2
"1469","CPI","NY","2006-04-01",220.2
"1470","CPI","NY","2006-05-01",221.6
"1471","CPI","NY","2006-06-01",222.6
"1472","CPI","NY","2006-07-01",223.1
"1473","CPI","NY","2006-08-01",224.1
"1474","CPI","NY","2006-09-01",222.9
"1475","CPI","NY","2006-10-01",221.7
"1476","CPI","NY","2006-11-01",220.9
"1477","CPI","NY","2006-12-01",221.3
"1478","CPI","NY","2007-01-01",221.767
"1479","CPI","NY","2007-02-01",223.066
"1480","CPI","NY","2007-03-01",224.551
"1481","CPI","NY","2007-04-01",225.78
"1482","CPI","NY","2007-05-01",227.146
"1483","CPI","NY","2007-06-01",228.258
"1484","CPI","NY","2007-07-01",228.628
"1485","CPI","NY","2007-08-01",228.326
"1486","CPI","NY","2007-09-01",228.308
"1487","CPI","NY","2007-10-01",228.552
"1488","CPI","NY","2007-11-01",229.504
"1489","CPI","NY","2007-12-01",229.395
"1490","CPI","NY","2008-01-01",229.869
"1491","CPI","NY","2008-02-01",231.02
"1492","CPI","NY","2008-03-01",233.122
"1493","CPI","NY","2008-04-01",233.822
"1494","CPI","NY","2008-05-01",236.151
"1495","CPI","NY","2008-06-01",238.58
"1496","CPI","NY","2008-07-01",240.273
"1497","CPI","NY","2008-08-01",240.55
"1498","CPI","NY","2008-09-01",240.089
"1499","CPI","NY","2008-10-01",238.403
"1500","CPI","NY","2008-11-01",234.498
"1501","CPI","NY","2008-12-01",233.012
"1502","CPI","NY","2009-01-01",233.402
"1503","CPI","NY","2009-02-01",234.663
"1504","CPI","NY","2009-03-01",235.067
"1505","CPI","NY","2009-04-01",235.582
"1506","CPI","NY","2009-05-01",235.975
"1507","CPI","NY","2009-06-01",237.172
"1508","CPI","NY","2009-07-01",237.6
"1509","CPI","NY","2009-08-01",238.282
"1510","CPI","NY","2009-09-01",238.568
"1511","CPI","NY","2009-10-01",238.38
"1512","CPI","NY","2009-11-01",238.777
"1513","CPI","NY","2009-12-01",238.427
"1514","CPI","NY","2010-01-01",238.97
"1515","CPI","NY","2010-02-01",238.862
"1516","CPI","NY","2010-03-01",240.101
"1517","CPI","NY","2010-04-01",240.529
"1518","CPI","NY","2010-05-01",241.075
"1519","CPI","NY","2010-06-01",240.817
"1520","CPI","NY","2010-07-01",241.147
"1521","CPI","NY","2010-08-01",241.569
"1522","CPI","NY","2010-09-01",241.485
"1523","CPI","NY","2010-10-01",241.981
"1524","CPI","NY","2010-11-01",241.96
"1525","CPI","NY","2010-12-01",241.874
"1526","CPI","NY","2011-01-01",242.639
"1527","CPI","NY","2011-02-01",243.832
"1528","CPI","NY","2011-03-01",245.617
"1529","CPI","NY","2011-04-01",246.489
"1530","CPI","NY","2011-05-01",248.073
"1531","CPI","NY","2011-06-01",248.505
"1532","CPI","NY","2011-07-01",249.164
"1533","CPI","NY","2011-08-01",250.058
"1534","CPI","NY","2011-09-01",250.559
"1535","CPI","NY","2011-10-01",250.051
"1536","CPI","NY","2011-11-01",249.317
"1537","CPI","NY","2011-12-01",248.307
"1538","CPI","NY","2012-01-01",249.322
"1539","CPI","NY","2012-02-01",250.285
"1540","CPI","NY","2012-03-01",251.887
"1541","CPI","NY","2012-04-01",252.349
"1542","CPI","NY","2012-05-01",252.652
"1543","CPI","NY","2012-06-01",252.406
"1544","CPI","NY","2012-07-01",252.016
"1545","CPI","NY","2012-08-01",253.472
"1546","CPI","NY","2012-09-01",254.554
"1547","CPI","NY","2012-10-01",254.277
"1548","CPI","NY","2012-11-01",254.285
"1549","CPI","NY","2012-12-01",253.555
"1550","CPI","NY","2013-01-01",254.807
"1551","CPI","NY","2013-02-01",256.234
"1552","CPI","NY","2013-03-01",256.589
"1553","CPI","NY","2013-04-01",255.967
"1554","CPI","NY","2013-05-01",256.27
"1555","CPI","NY","2013-06-01",256.911
"1556","CPI","NY","2013-07-01",257.326
"1557","CPI","NY","2013-08-01",257.659
"1558","CPI","NY","2013-09-01",258.504
"1559","CPI","NY","2013-10-01",257.069
"1560","CPI","NY","2013-11-01",257.377
"1561","CPI","NY","2013-12-01",257.284
"1562","CPI","NY","2014-01-01",259.596
"1563","CPI","NY","2014-02-01",259.019
"1564","CPI","NY","2014-03-01",259.971
"1565","CPI","NY","2014-04-01",259.985
"1566","CPI","NY","2014-05-01",261.225
"1567","CPI","NY","2014-06-01",261.35
"1568","CPI","NY","2014-07-01",261.498
"1569","CPI","NY","2014-08-01",261.075
"1570","CPI","NY","2014-09-01",261.074
"1571","CPI","NY","2014-10-01",260.5
"1572","CPI","NY","2014-11-01",259.382
"1573","CPI","NY","2014-12-01",258.08
"1574","CPI","NY","2015-01-01",258.376
"1575","CPI","NY","2015-02-01",259.24
"1576","CPI","NY","2015-03-01",259.647
"1577","CPI","NY","2015-04-01",259.959
"1578","CPI","NY","2015-05-01",261.066
"1579","CPI","NY","2015-06-01",261.512
"1580","CPI","NY","2015-07-01",261.199
"1581","CPI","NY","2015-08-01",261.347
"1582","CPI","NY","2015-09-01",261.887
"1583","CPI","NY","2015-10-01",261.515
"1584","CPI","NY","2015-11-01",261.009
"1585","CPI","NY","2015-12-01",259.941
"1586","CPI","NY","2016-01-01",260.342
"1587","CPI","NY","2016-02-01",260.875
"1588","CPI","NY","2016-03-01",261.508
"1589","CPI","NY","2016-04-01",262.619
"1590","CPI","NY","2016-05-01",263.312
"1591","CPI","NY","2016-06-01",263.877
"1592","CPI","NY","2016-07-01",263.722
"1593","CPI","NY","2016-08-01",264.16
"1594","CPI","NY","2016-09-01",264.602
"1595","CPI","NY","2016-10-01",264.738
"1596","CPI","NY","2016-11-01",265.203
"1597","CPI","NY","2016-12-01",265.421
"1598","CPI","NY","2017-01-01",266.917
"1599","CPI","NY","2017-02-01",267.662
"1600","CPI","NY","2017-03-01",267.582
"1601","CPI","NY","2017-04-01",267.948
"1602","CPI","NY","2017-05-01",268.183
"1603","CPI","NY","2017-06-01",268.666
"1604","CPI","NY","2017-07-01",268.051
"1605","CPI","NY","2017-08-01",268.657
"1606","CPI","NY","2017-09-01",270.059
"1607","CPI","NY","2017-10-01",269.575
"1608","CPI","NY","2017-11-01",269.381
"1609","CPI","NY","2017-12-01",269.564
"1610","CPI","NY","2018-01-01",270.771
"1611","CPI","NY","2018-02-01",272.214
"1612","CPI","NY","2018-03-01",272.196
"1613","CPI","NY","2018-04-01",272.95
"1614","CPI","NY","2018-05-01",274.001
"1615","CPI","NY","2018-06-01",274.17
"1616","CPI","NY","2018-07-01",274.073
"1617","CPI","NY","2018-08-01",274.441
"1618","CPI","NY","2018-09-01",275.455
"1619","CPI","NY","2018-10-01",275.101
"1620","CPI","NY","2018-11-01",274.478
"1621","CPI","NY","2018-12-01",273.836
"1622","CPI","NY","2019-01-01",275.144
"1623","CPI","NY","2019-02-01",275.823
"1624","CPI","NY","2019-03-01",276.57
"1625","CPI","NY","2019-04-01",277.441
"1626","CPI","NY","2019-05-01",278.068
"1627","CPI","NY","2019-06-01",278.802
"1628","CPI","NY","2019-07-01",278.817
"1629","CPI","NY","2019-08-01",279.428
"1630","CPI","NY","2019-09-01",279.338
"1631","CPI","NY","2019-10-01",279.255
"1632","CPI","NY","2019-11-01",279.468
"1633","CPI","NY","2019-12-01",279.816
"1634","CPI","NY","2020-01-01",282.02
"1635","CPI","NY","2020-02-01",282.577
"1636","CPI","NY","2020-03-01",281.975
"1637","CPI","NY","2020-04-01",280.623
"1638","CPI","NY","2020-05-01",282.092
"1639","CPI","NY","2020-06-01",282.333
"1640","CPI","NY","2020-07-01",283.624
"1641","CPI","NY","2020-08-01",283.478
"1642","CPI","NY","2020-09-01",284.551
"1643","CPI","NY","2020-10-01",284.121
"1644","CPI","NY","2020-11-01",283.291
"1645","CPI","NY","2020-12-01",284.35
"1646","CPI","NY","2021-01-01",285.525
"1647","CPI","NY","2021-02-01",286.474
"1648","CPI","NY","2021-03-01",287.481
"1649","CPI","NY","2021-04-01",289.493
"1650","CPI","NY","2021-05-01",290.991
"1651","CPI","NY","2021-06-01",293.872
"1652","CPI","NY","2021-07-01",293.553
"1653","CPI","NY","2021-08-01",293.927
"1654","CPI","NY","2021-09-01",295.488
"1655","CPI","NY","2021-10-01",296.472
"1656","CPI","NY","2021-11-01",297.49
"1657","CPI","NY","2021-12-01",296.865
"1658","CPI","NY","2022-01-01",300.164
"1659","CPI","NY","2022-02-01",301.151
"1660","CPI","NY","2022-03-01",305.024
"1661","CPI","NY","2022-04-01",307.781
"1662","CPI","NY","2022-05-01",309.243
"1663","CPI","NY","2022-06-01",313.589
"1664","CPI","NY","2022-07-01",312.615
"1665","CPI","NY","2022-08-01",313.28
"1666","CPI","NY","2022-09-01",313.88
"1667","CPI","NY","2022-10-01",314.338
"1668","CPI","NY","2022-11-01",314.975
"1669","CPI","NY","2022-12-01",315.656
"1670","CPI","NY","2023-01-01",318.151
"1671","CPI","NY","2023-02-01",319.295
"1672","CPI","NY","2023-03-01",319.038
"1673","CPI","NY","2023-04-01",319.211
"1674","CPI","NY","2023-05-01",320.002
"1675","CPI","NY","2023-06-01",321.29
"1676","CPI","NY","2023-07-01",322.496
"1677","CPI","NY","2023-08-01",324.38
"1678","CPI","NY","2023-09-01",325.613
"1679","CPI","NY","2023-10-01",325.288
"1680","CPI","NY","2023-11-01",324.52
"1681","CPI","NY","2023-12-01",324.691
"1682","CPI","NY","2024-01-01",328.006
"1683","CPI","NY","2024-02-01",328.606
"1684","CPI","NY","2024-03-01",329.829
"1685","CPI","NY","2024-04-01",331.27
"1686","CPI","NY","2024-05-01",332.633
"1687","CPI","NY","2024-06-01",334.782
"1688","CPI","NY","2024-07-01",335.642
"1689","Income","SF","1969-01-01",5323
"1690","Income","SF","1970-01-01",5713
"1691","Income","SF","1971-01-01",6066
"1692","Income","SF","1972-01-01",6555
"1693","Income","SF","1973-01-01",7011
"1694","Income","SF","1974-01-01",7710
"1695","Income","SF","1975-01-01",8510
"1696","Income","SF","1976-01-01",9241
"1697","Income","SF","1977-01-01",10072
"1698","Income","SF","1978-01-01",11216
"1699","Income","SF","1979-01-01",12472
"1700","Income","SF","1980-01-01",13972
"1701","Income","SF","1981-01-01",15583
"1702","Income","SF","1982-01-01",16505
"1703","Income","SF","1983-01-01",17700
"1704","Income","SF","1984-01-01",19329
"1705","Income","SF","1985-01-01",20423
"1706","Income","SF","1986-01-01",21463
"1707","Income","SF","1987-01-01",22365
"1708","Income","SF","1988-01-01",24259
"1709","Income","SF","1989-01-01",25571
"1710","Income","SF","1990-01-01",26623
"1711","Income","SF","1991-01-01",27566
"1712","Income","SF","1992-01-01",28789
"1713","Income","SF","1993-01-01",29630
"1714","Income","SF","1994-01-01",30572
"1715","Income","SF","1995-01-01",32513
"1716","Income","SF","1996-01-01",34822
"1717","Income","SF","1997-01-01",36352
"1718","Income","SF","1998-01-01",39687
"1719","Income","SF","1999-01-01",43131
"1720","Income","SF","2000-01-01",49049
"1721","Income","SF","2001-01-01",49517
"1722","Income","SF","2002-01-01",48224
"1723","Income","SF","2003-01-01",49014
"1724","Income","SF","2004-01-01",51823
"1725","Income","SF","2005-01-01",54879
"1726","Income","SF","2006-01-01",59656
"1727","Income","SF","2007-01-01",61972
"1728","Income","SF","2008-01-01",62374
"1729","Income","SF","2009-01-01",58896
"1730","Income","SF","2010-01-01",60501
"1731","Income","SF","2011-01-01",64480
"1732","Income","SF","2012-01-01",68904
"1733","Income","SF","2013-01-01",69370
"1734","Income","SF","2014-01-01",73673
"1735","Income","SF","2015-01-01",79560
"1736","Income","SF","2016-01-01",83812
"1737","Income","SF","2017-01-01",89560
"1738","Income","SF","2018-01-01",95972
"1739","Income","SF","2019-01-01",99758
"1740","Income","SF","2020-01-01",107815
"1741","Income","SF","2021-01-01",124398
"1742","Income","SF","2022-01-01",123736
"1743","Income","NY","1969-01-01",4958
"1744","Income","NY","1970-01-01",5290
"1745","Income","NY","1971-01-01",5617
"1746","Income","NY","1972-01-01",6039
"1747","Income","NY","1973-01-01",6480
"1748","Income","NY","1974-01-01",7020
"1749","Income","NY","1975-01-01",7599
"1750","Income","NY","1976-01-01",8112
"1751","Income","NY","1977-01-01",8850
"1752","Income","NY","1978-01-01",9757
"1753","Income","NY","1979-01-01",10724
"1754","Income","NY","1980-01-01",12021
"1755","Income","NY","1981-01-01",13410
"1756","Income","NY","1982-01-01",14526
"1757","Income","NY","1983-01-01",15632
"1758","Income","NY","1984-01-01",17189
"1759","Income","NY","1985-01-01",18362
"1760","Income","NY","1986-01-01",19577
"1761","Income","NY","1987-01-01",20931
"1762","Income","NY","1988-01-01",23130
"1763","Income","NY","1989-01-01",24890
"1764","Income","NY","1990-01-01",26614
"1765","Income","NY","1991-01-01",26461
"1766","Income","NY","1992-01-01",27880
"1767","Income","NY","1993-01-01",28507
"1768","Income","NY","1994-01-01",29243
"1769","Income","NY","1995-01-01",30835
"1770","Income","NY","1996-01-01",32447
"1771","Income","NY","1997-01-01",34167
"1772","Income","NY","1998-01-01",36062
"1773","Income","NY","1999-01-01",37759
"1774","Income","NY","2000-01-01",40800
"1775","Income","NY","2001-01-01",42242
"1776","Income","NY","2002-01-01",41922
"1777","Income","NY","2003-01-01",42281
"1778","Income","NY","2004-01-01",44165
"1779","Income","NY","2005-01-01",46013
"1780","Income","NY","2006-01-01",49832
"1781","Income","NY","2007-01-01",53634
"1782","Income","NY","2008-01-01",54318
"1783","Income","NY","2009-01-01",52447
"1784","Income","NY","2010-01-01",54062
"1785","Income","NY","2011-01-01",56455
"1786","Income","NY","2012-01-01",58446
"1787","Income","NY","2013-01-01",58611
"1788","Income","NY","2014-01-01",60631
"1789","Income","NY","2015-01-01",62877
"1790","Income","NY","2016-01-01",64886
"1791","Income","NY","2017-01-01",68621
"1792","Income","NY","2018-01-01",71172
"1793","Income","NY","2019-01-01",73798
"1794","Income","NY","2020-01-01",76868
"1795","Income","NY","2021-01-01",83962
"1796","Income","NY","2022-01-01",84084
